{"cameraMode":{"drawMode":0,"name":"Shaded","section":"Shading Mode"},"sceneLighting":true,"audioPlay":false,"sceneViewState":{"showFog":true,"showMaterialUpdate":true,"showSkybox":true,"showFlares":true,"showImageEffects":true,"showParticleSystems":true},"in2DMode":false,"pivot":{"x":350.9999084472656,"y":34.80207443237305,"z":71.19697570800781},"rotation":{"x":-0.03289603069424629,"y":0.9933615326881409,"z":-0.10970345884561539,"w":-0.010769915767014027},"size":11.345169067382813,"orthographic":false}