{"cameraMode":{"drawMode":0,"name":"Shaded","section":"Shading Mode"},"sceneLighting":true,"audioPlay":false,"sceneViewState":{"m_AlwaysRefresh":false,"showFog":true,"showSkybox":true,"showFlares":true,"showImageEffects":true,"showParticleSystems":true,"showVisualEffectGraphs":true,"m_FxEnabled":true},"in2DMode":false,"pivot":{"x":351.99163818359377,"y":35.81937026977539,"z":72.01732635498047},"rotation":{"x":-0.18363703787326814,"y":0.03596359118819237,"z":-0.0067389290779829029,"w":-0.9823241829872131},"size":14.597631454467774,"orthographic":false}